{
  "_name_or_path": "old_models/paraphrase-multilingual-MiniLM-L12-v2/0_Transformer",
  "architectures": [
    "BertModel"
  ],
  "attention_probs_dropout_prob": 0.1,
  "gradient_checkpointing": false,
  "hidden_act": "gelu",
  "hidden_dropout_prob": 0.1,
  "hidden_size": 384,
  "initializer_range": 0.02,
  "intermediate_size": 1536,
  "layer_norm_eps": 1e-12,
  "max_position_embeddings": 512,
  "model_type": "bert",
  "num_attention_heads": 12,
  "num_hidden_layers": 12,
  "pad_token_id": 0,
  "position_embedding_type": "absolute",
  "transformers_version": "4.7.0",
  "type_vocab_size": 2,
  "use_cache": true,
  "vocab_size": 250037
}
